{"cameraMode":{"drawMode":0,"name":"Shaded","section":"Shading Mode"},"sceneLighting":true,"audioPlay":false,"sceneViewState":{"showFog":false,"showMaterialUpdate":false,"showSkybox":false,"showFlares":false,"showImageEffects":false,"showParticleSystems":false},"in2DMode":false,"pivot":{"x":-26.25292205810547,"y":-6.248418807983398,"z":5.4555864334106449},"rotation":{"x":0.14029748737812043,"y":-0.6872475743293762,"z":0.13788165152072907,"w":0.699289083480835},"size":32.31768035888672,"orthographic":false}