{"cameraMode":{"drawMode":0,"name":"Shaded","section":"Shading Mode"},"sceneLighting":true,"audioPlay":false,"sceneViewState":{"showFog":false,"showMaterialUpdate":false,"showSkybox":false,"showFlares":false,"showImageEffects":false,"showParticleSystems":false},"in2DMode":false,"pivot":{"x":-1.202700138092041,"y":0.2567327320575714,"z":-6.616949081420898},"rotation":{"x":-0.004701563622802496,"y":-0.5621650815010071,"z":-0.0032044812105596067,"w":0.8270182609558106},"size":1.8073949813842774,"orthographic":false}