{"cameraMode":{"drawMode":0,"name":"Shaded","section":"Shading Mode"},"sceneLighting":false,"audioPlay":false,"sceneViewState":{"showFog":false,"showMaterialUpdate":false,"showSkybox":false,"showFlares":false,"showImageEffects":false,"showParticleSystems":false},"in2DMode":false,"pivot":{"x":-0.07857991755008698,"y":7.3712921142578129,"z":-0.3140186071395874},"rotation":{"x":-0.6281867027282715,"y":-0.09589459747076035,"z":0.07842424511909485,"w":-0.768137514591217},"size":24.615751266479493,"orthographic":false}