{"cameraMode":{"drawMode":0,"name":"Shaded","section":"Shading Mode"},"sceneLighting":true,"audioPlay":false,"sceneViewState":{"showFog":false,"showMaterialUpdate":false,"showSkybox":false,"showFlares":false,"showImageEffects":false,"showParticleSystems":false},"in2DMode":false,"pivot":{"x":6.757123947143555,"y":-3.6211585998535158,"z":-7.755938529968262},"rotation":{"x":0.11080801486968994,"y":-0.8510162830352783,"z":0.47302284836769106,"w":0.1993546038866043},"size":41.78902053833008,"orthographic":false}